Date,Home Team,Away Team,Home Odds,Away Odds,Home Points,Away Points
16-Oct-18,Celtics,76ers,1.47,2.79,105,87
16-Oct-18,Warriors,Thunder,1.09,8.5,108,100
17-Oct-18,Magic,Heat,2.14,1.75,104,101
17-Oct-18,Pacers,Grizzlies,1.33,3.46,111,83
17-Oct-18,Pistons,Nets,1.4,3.09,103,100
17-Oct-18,Hornets,Bucks,2.39,1.62,112,113
17-Oct-18,Raptors,Cavaliers,1.08,8.81,116,104
17-Oct-18,Knicks,Hawks,1.61,2.41,126,107
17-Oct-18,Rockets,Pelicans,1.28,3.85,112,131
17-Oct-18,Spurs,Timberwolves,1.71,2.22,112,108
17-Oct-18,Kings,Jazz,4.23,1.25,117,123
17-Oct-18,Suns,Mavericks,2.19,1.72,121,100
17-Oct-18,Clippers,Nuggets,2.13,1.76,98,107
18-Oct-18,Wizards,Heat,1.4,3.07,112,113
18-Oct-18,76ers,Bulls,1.1,7.97,127,108
18-Oct-18,Trail Blazers,Lakers,1.67,2.3,128,119
19-Oct-18,Magic,Hornets,2.03,1.84,88,120
19-Oct-18,Nets,Knicks,1.59,2.46,107,105
19-Oct-18,Raptors,Celtics,1.67,2.3,113,101
19-Oct-18,Pelicans,Kings,1.13,6.79,149,129
19-Oct-18,Timberwolves,Cavaliers,1.26,4.12,131,123
19-Oct-18,Grizzlies,Hawks,1.35,3.39,131,117
19-Oct-18,Bucks,Pacers,1.57,2.49,118,101
19-Oct-18,Jazz,Warriors,2.18,1.73,123,124
19-Oct-18,Clippers,Thunder,1.67,2.29,108,92
20-Oct-18,Wizards,Raptors,1.79,2.08,113,117
20-Oct-18,Pacers,Nets,1.26,4.08,132,112
20-Oct-18,76ers,Magic,1.07,9.61,116,115
20-Oct-18,Knicks,Celtics,4.84,1.2,101,103
20-Oct-18,Heat,Hornets,1.62,2.4,112,113
20-Oct-18,Bulls,Pistons,2.65,1.52,116,118
20-Oct-18,Mavericks,Timberwolves,1.81,2.06,140,136
20-Oct-18,Nuggets,Suns,1.17,5.44,119,91
20-Oct-18,Trail Blazers,Spurs,1.52,2.65,121,108
20-Oct-18,Lakers,Rockets,2.34,1.64,115,124
21-Oct-18,Cavaliers,Hawks,1.27,3.99,111,133
21-Oct-18,Thunder,Kings,1.14,6.31,120,131
21-Oct-18,Nuggets,Warriors,2.68,1.5,100,98
21-Oct-18,Clippers,Rockets,1.77,2.12,115,112
22-Oct-18,Raptors,Hornets,1.24,4.36,127,106
22-Oct-18,Celtics,Magic,1.12,7.09,90,93
22-Oct-18,Timberwolves,Pacers,1.76,2.13,101,91
22-Oct-18,Bucks,Knicks,1.13,6.73,124,113
22-Oct-18,Mavericks,Bulls,1.48,2.75,115,109
22-Oct-18,Jazz,Grizzlies,1.17,5.5,84,92
22-Oct-18,Trail Blazers,Wizards,1.51,2.67,124,125
22-Oct-18,Lakers,Spurs,1.85,2,142,143
22-Oct-18,Warriors,Suns,1.09,8.34,123,103
23-Oct-18,Pistons,76ers,1.96,1.9,133,132
23-Oct-18,Pelicans,Clippers,1.43,2.97,116,109
23-Oct-18,Nuggets,Kings,1.12,6.98,126,112
24-Oct-18,Cavaliers,Nets,1.68,2.28,86,102
24-Oct-18,Hawks,Mavericks,2.07,1.8,111,104
24-Oct-18,Raptors,Timberwolves,1.25,4.2,112,105
24-Oct-18,Heat,Knicks,1.28,3.98,110,87
24-Oct-18,Rockets,Jazz,1.88,1.99,89,100
24-Oct-18,Bulls,Hornets,2.65,1.52,112,110
24-Oct-18,Spurs,Pacers,1.82,2.05,96,116
24-Oct-18,Bucks,76ers,1.44,2.93,123,108
24-Oct-18,Kings,Grizzlies,2.24,1.7,97,92
24-Oct-18,Suns,Lakers,2.8,1.47,113,131
24-Oct-18,Warriors,Wizards,1.18,5.38,144,122
25-Oct-18,Magic,Trail Blazers,2.38,1.62,114,128
25-Oct-18,Pistons,Cavaliers,1.2,4.94,110,103
25-Oct-18,Thunder,Celtics,1.93,1.93,95,101
25-Oct-18,Lakers,Nuggets,2.01,1.84,121,114
26-Oct-18,Hornets,Bulls,1.17,5.5,135,106
26-Oct-18,Raptors,Mavericks,1.11,7.54,116,107
26-Oct-18,Knicks,Warriors,7.71,1.1,100,128
26-Oct-18,Pelicans,Nets,1.23,4.38,117,115
26-Oct-18,Timberwolves,Bucks,2.18,1.73,95,125
26-Oct-18,Rockets,Clippers,1.59,2.45,113,133
26-Oct-18,Kings,Wizards,2.78,1.47,116,112
27-Oct-18,Pelicans,Jazz,2.94,1.44,111,132
27-Oct-18,Pistons,Celtics,2.4,1.62,89,109
27-Oct-18,76ers,Hornets,1.36,3.31,105,103
27-Oct-18,Cavaliers,Pacers,3.48,1.33,107,119
27-Oct-18,Hawks,Bulls,1.43,2.92,85,97
27-Oct-18,Heat,Trail Blazers,1.22,2.89,120,111
27-Oct-18,Grizzlies,Suns,1.17,3.58,117,96
27-Oct-18,Spurs,Lakers,2.53,1.65,110,106
27-Oct-18,Bucks,Magic,1.18,5.34,113,91
28-Oct-18,Nets,Warriors,5.22,1.18,114,120
28-Oct-18,Thunder,Suns,1.07,9.85,117,110
28-Oct-18,Mavericks,Jazz,2.63,1.52,104,113
28-Oct-18,Clippers,Wizards,1.61,2.4,136,104
29-Oct-18,76ers,Hawks,1.12,6.87,113,92
29-Oct-18,Pacers,Trail Blazers,1.58,2.49,93,103
29-Oct-18,Knicks,Nets,1.9,1.96,115,96
29-Oct-18,Heat,Kings,1.21,4.76,113,123
29-Oct-18,Timberwolves,Lakers,2.06,1.81,124,120
29-Oct-18,Bucks,Raptors,2.14,1.75,124,109
29-Oct-18,Bulls,Warriors,6.85,1.12,124,149
29-Oct-18,Spurs,Mavericks,1.33,3.47,113,108
29-Oct-18,Nuggets,Pelicans,1.21,4.74,116,111
30-Oct-18,Magic,Kings,1.51,2.66,99,107
30-Oct-18,Cavaliers,Hawks,1.49,2.74,136,114
30-Oct-18,Hornets,Heat,1.64,2.36,125,113
30-Oct-18,Raptors,76ers,1.4,3.11,129,112
30-Oct-18,Celtics,Pistons,1.24,4.28,108,105
30-Oct-18,Thunder,Clippers,1.65,2.32,128,110
30-Oct-18,Grizzlies,Wizards,1.87,2,107,95
30-Oct-18,Rockets,Trail Blazers,1.53,2.62,85,104
31-Oct-18,Nets,Pistons,1.72,2.2,120,119
31-Oct-18,Knicks,Pacers,3.09,1.4,101,107
31-Oct-18,Timberwolves,Jazz,3.48,1.33,128,125
31-Oct-18,Bulls,Nuggets,4.03,1.27,107,108
31-Oct-18,Suns,Spurs,3.33,1.35,90,120
31-Oct-18,Lakers,Mavericks,1.29,3.82,114,113
31-Oct-18,Warriors,Pelicans,1.2,4.79,131,121
1-Nov-18,76ers,Clippers,1.45,2.87,122,113
1-Nov-18,Cavaliers,Nuggets,2.83,1.46,91,110
1-Nov-18,Hornets,Thunder,1.87,1.99,107,111
1-Nov-18,Hawks,Kings,2.16,1.74,115,146
1-Nov-18,Celtics,Bucks,1.72,2.19,117,113
1-Nov-18,Trail Blazers,Pelicans,1.36,3.3,132,119
2-Nov-18,Magic,Clippers,2.44,1.59,95,120
2-Nov-18,Nets,Rockets,2.52,1.56,111,119
2-Nov-18,Wizards,Thunder,1.62,2.39,111,134
2-Nov-18,Bulls,Pacers,3.56,1.32,105,107
2-Nov-18,Mavericks,Knicks,1.43,2.98,106,118
2-Nov-18,Jazz,Grizzlies,1.3,3.75,100,110
2-Nov-18,Suns,Raptors,5.81,1.15,98,107
2-Nov-18,Warriors,Timberwolves,1.14,6.1,116,99
3-Nov-18,76ers,Pistons,1.3,3.74,109,99
3-Nov-18,Pacers,Celtics,2.38,1.62,102,101
3-Nov-18,Hornets,Cavaliers,1.18,5.27,126,94
3-Nov-18,Hawks,Heat,2.95,1.43,123,118
3-Nov-18,Bulls,Rockets,4.18,1.25,88,96
3-Nov-18,Spurs,Pelicans,1.76,2.13,109,95
3-Nov-18,Nuggets,Jazz,1.51,2.66,103,88
3-Nov-18,Trail Blazers,Lakers,1.64,2.35,110,114
4-Nov-18,Bucks,Kings,1.19,5.08,144,109
4-Nov-18,Wizards,Knicks,1.37,3.24,108,95
4-Nov-18,Nets,76ers,2.53,1.56,122,97
4-Nov-18,Spurs,Magic,1.29,3.77,110,117
4-Nov-18,Suns,Grizzlies,2.53,1.56,102,100
4-Nov-18,Trail Blazers,Timberwolves,1.4,3.08,111,81
4-Nov-18,Lakers,Raptors,1.79,2.08,107,121
5-Nov-18,Magic,Cavaliers,1.54,2.58,102,100
5-Nov-18,Pacers,Rockets,1.89,1.97,94,98
5-Nov-18,Pistons,Heat,1.65,2.33,115,120
5-Nov-18,Knicks,Bulls,1.71,2.21,115,116
5-Nov-18,Thunder,Pelicans,1.6,2.43,122,116
5-Nov-18,Jazz,Raptors,1.66,2.29,111,124
5-Nov-18,Nuggets,Celtics,1.84,2.03,115,107
5-Nov-18,Clippers,Timberwolves,1.42,2.99,120,109
5-Nov-18,Warriors,Grizzlies,1.07,9.65,117,101
6-Nov-18,Hornets,Hawks,1.12,6.87,113,102
6-Nov-18,Mavericks,Wizards,2.09,1.79,119,100
6-Nov-18,Suns,Nets,2.17,1.73,82,104
6-Nov-18,Trail Blazers,Bucks,2.13,1.75,118,103
7-Nov-18,Magic,Pistons,2.24,1.69,96,103
7-Nov-18,Cavaliers,Thunder,3.16,1.38,86,95
7-Nov-18,Heat,Spurs,1.8,2.07,95,88
7-Nov-18,Hawks,Knicks,2.01,1.85,107,112
7-Nov-18,Pelicans,Bulls,1.14,6.22,107,98
7-Nov-18,Grizzlies,Nuggets,2.43,1.6,89,87
7-Nov-18,Pacers,76ers,1.69,2.23,94,100
7-Nov-18,Jazz,Mavericks,1.2,4.89,117,102
7-Nov-18,Kings,Raptors,4.75,1.21,105,114
7-Nov-18,Lakers,Timberwolves,1.41,3.04,114,110
8-Nov-18,Thunder,Rockets,2.74,1.48,98,80
8-Nov-18,Suns,Celtics,4.96,1.19,109,116
8-Nov-18,Trail Blazers,Clippers,1.49,2.75,116,105
8-Nov-18,Warriors,Bucks,1.39,3.15,111,134
9-Nov-18,76ers,Hornets,1.42,3.01,133,132
9-Nov-18,Magic,Wizards,2.46,1.59,117,108
9-Nov-18,Hawks,Pistons,2.83,1.46,109,124
9-Nov-18,Heat,Pacers,2.15,1.75,102,110
9-Nov-18,Nuggets,Nets,1.23,4.46,110,112
9-Nov-18,Jazz,Celtics,1.43,2.99,123,115
9-Nov-18,Kings,Timberwolves,2.14,1.75,121,110
10-Nov-18,Raptors,Knicks,1.06,11.16,128,112
10-Nov-18,Clippers,Bucks,2.58,1.54,128,126
10-Nov-18,Pelicans,Suns,1.23,4.52,119,99
10-Nov-18,Heat,Wizards,1.6,2.43,110,116
10-Nov-18,Grizzlies,76ers,1.52,2.64,112,106
10-Nov-18,Bulls,Cavaliers,1.51,2.64,99,98
10-Nov-18,Spurs,Rockets,2.42,1.6,96,89
10-Nov-18,Warriors,Nets,1.29,3.87,116,100
10-Nov-18,Mavericks,Thunder,1.82,2.04,111,96
10-Nov-18,Kings,Lakers,2.99,1.42,86,101
11-Nov-18,Pistons,Hornets,1.73,2.17,103,113
11-Nov-18,Rockets,Pacers,1.74,2.16,115,103
11-Nov-18,Knicks,Magic,1.62,2.38,89,115
11-Nov-18,Nuggets,Bucks,1.61,2.42,114,121
11-Nov-18,Trail Blazers,Celtics,1.78,2.1,100,94
11-Nov-18,Lakers,Hawks,1.13,6.51,107,106
12-Nov-18,Wizards,Magic,1.32,3.6,117,109
12-Nov-18,Raptors,Pelicans,1.18,5.28,110,126
12-Nov-18,Heat,76ers,1.72,2.19,114,124
12-Nov-18,Thunder,Suns,1.28,3.98,118,101
12-Nov-18,Timberwolves,Nets,1.57,2.53,120,113
12-Nov-18,Grizzlies,Jazz,2.51,1.57,88,96
12-Nov-18,Bulls,Mavericks,2.2,1.72,98,103
12-Nov-18,Kings,Spurs,2.18,1.73,104,99
12-Nov-18,Clippers,Warriors,2.44,1.59,121,116
13-Nov-18,Cavaliers,Hornets,4.45,1.23,113,89
13-Nov-18,Nuggets,Rockets,1.56,2.51,99,109
13-Nov-18,Warriors,Hawks,1.12,6.86,110,103
14-Nov-18,Wizards,Cavaliers,1.12,7.19,119,95
14-Nov-18,Magic,76ers,2.95,1.43,111,106
14-Nov-18,Raptors,Pistons,1.19,5.1,104,106
14-Nov-18,Nets,Heat,2.14,1.75,107,120
14-Nov-18,Celtics,Bulls,1.09,8.41,111,82
14-Nov-18,Thunder,Knicks,1.26,4.09,128,103
14-Nov-18,Timberwolves,Pelicans,2.03,1.83,107,100
14-Nov-18,Bucks,Grizzlies,1.19,5,113,116
14-Nov-18,Mavericks,Jazz,2.77,1.48,118,68
14-Nov-18,Suns,Spurs,3.03,1.41,116,96
14-Nov-18,Lakers,Trail Blazers,1.72,2.19,126,117
15-Nov-18,Rockets,Warriors,1.58,2.48,107,86
15-Nov-18,Nuggets,Hawks,1.08,9.12,138,93
15-Nov-18,Clippers,Spurs,1.38,3.18,116,111
16-Nov-18,Wizards,Nets,1.39,3.13,104,115
16-Nov-18,76ers,Jazz,1.68,2.25,113,107
16-Nov-18,Pacers,Heat,1.46,2.82,99,91
16-Nov-18,Celtics,Raptors,1.79,2.09,123,116
16-Nov-18,Pelicans,Knicks,1.14,6.35,129,124
16-Nov-18,Timberwolves,Trail Blazers,1.87,1.99,112,96
16-Nov-18,Grizzlies,Kings,1.38,3.19,112,104
16-Nov-18,Bucks,Bulls,1.06,10.74,123,104
17-Nov-18,Nets,Clippers,2.57,1.54,119,127
17-Nov-18,Magic,Lakers,2.54,1.56,130,117
17-Nov-18,Pelicans,Nuggets,1.93,1.92,125,115
17-Nov-18,Pacers,Hawks,1.14,6.18,97,89
17-Nov-18,Hornets,76ers,1.69,2.25,119,122
17-Nov-18,Celtics,Jazz,1.57,2.49,86,98
17-Nov-18,Rockets,Kings,1.11,7.62,132,112
17-Nov-18,Bulls,Raptors,4.95,1.2,83,122
17-Nov-18,Mavericks,Warriors,2.13,1.76,112,109
17-Nov-18,Suns,Thunder,2.71,1.5,100,110
18-Nov-18,Timberwolves,Grizzlies,1.49,2.76,87,100
18-Nov-18,Wizards,Trail Blazers,1.96,1.9,109,119
18-Nov-18,Magic,Knicks,1.53,2.62,131,117
18-Nov-18,Heat,Lakers,2,1.86,97,113
18-Nov-18,Spurs,Warriors,1.68,2.26,104,92
19-Nov-18,76ers,Suns,1.12,6.79,119,114
19-Nov-18,Pacers,Jazz,2.44,1.6,121,94
19-Nov-18,Pistons,Cavaliers,1.2,4.9,113,102
19-Nov-18,Hornets,Celtics,2.36,1.62,117,112
19-Nov-18,Hawks,Clippers,3.26,1.36,119,127
19-Nov-18,Pelicans,Spurs,1.32,3.55,140,126
19-Nov-18,Bucks,Nuggets,1.43,2.94,104,98
19-Nov-18,Grizzlies,Mavericks,1.65,2.33,98,88
19-Nov-18,Kings,Thunder,2.6,1.54,117,113
20-Nov-18,Wizards,Clippers,1.94,1.92,125,118
20-Nov-18,Magic,Raptors,3.42,1.34,91,93
20-Nov-18,Knicks,Trail Blazers,3.38,1.34,114,118
20-Nov-18,Heat,Nets,1.67,2.28,92,104
21-Nov-18,76ers,Pelicans,1.59,2.46,121,120
21-Nov-18,Hornets,Pacers,1.6,2.43,127,109
21-Nov-18,Celtics,Knicks,1.06,10.57,109,117
21-Nov-18,Hawks,Raptors,3.8,1.29,108,124
21-Nov-18,Timberwolves,Nuggets,1.91,1.95,101,103
21-Nov-18,Bucks,Trail Blazers,1.33,3.52,143,100
21-Nov-18,Rockets,Pistons,1.23,4.42,126,124
21-Nov-18,Cavaliers,Lakers,4.54,1.22,105,109
21-Nov-18,Bulls,Suns,2.01,1.85,124,116
21-Nov-18,Spurs,Grizzlies,1.67,2.29,103,104
21-Nov-18,Mavericks,Nets,1.47,2.79,119,113
21-Nov-18,Jazz,Kings,1.21,4.79,110,119
21-Nov-18,Warriors,Thunder,1.97,1.89,95,123
23-Nov-18,Nets,Timberwolves,2.09,1.78,102,112
23-Nov-18,Clippers,Grizzlies,1.54,2.57,112,107
23-Nov-18,Pistons,Rockets,2.51,1.57,116,111
23-Nov-18,Raptors,Wizards,1.17,5.34,125,107
23-Nov-18,76ers,Cavaliers,1.09,8.28,112,121
23-Nov-18,Knicks,Pelicans,3.67,1.31,114,109
23-Nov-18,Hawks,Celtics,3.75,1.29,96,114
23-Nov-18,Thunder,Hornets,1.37,3.24,109,104
23-Nov-18,Pacers,Spurs,1.8,2.07,100,111
23-Nov-18,Bulls,Heat,2.45,1.59,96,103
23-Nov-18,Bucks,Suns,1.07,9.71,114,116
23-Nov-18,Nuggets,Magic,1.27,4.04,112,87
23-Nov-18,Lakers,Jazz,1.69,2.22,90,83
23-Nov-18,Warriors,Trail Blazers,1.86,2,125,97
24-Nov-18,Cavaliers,Rockets,3.52,1.33,117,108
24-Nov-18,Wizards,Pelicans,1.63,2.36,124,114
24-Nov-18,Thunder,Nuggets,1.41,3.03,98,105
24-Nov-18,Timberwolves,Bulls,1.14,6.38,111,96
24-Nov-18,Bucks,Spurs,1.21,4.75,135,129
24-Nov-18,Warriors,Kings,1.37,3.23,117,116
24-Nov-18,Mavericks,Celtics,2.25,1.69,113,104
25-Nov-18,Lakers,Magic,1.28,3.9,104,108
25-Nov-18,Pistons,Suns,1.26,4.08,118,107
25-Nov-18,Raptors,Heat,1.11,7.38,125,115
25-Nov-18,Grizzlies,Knicks,1.28,3.86,98,103
25-Nov-18,Nets,76ers,2.66,1.51,125,127
25-Nov-18,Hawks,Hornets,3.33,1.35,124,123
25-Nov-18,Kings,Jazz,2.44,1.6,112,133
25-Nov-18,Trail Blazers,Clippers,1.56,2.52,100,104
26-Nov-18,Wizards,Rockets,1.8,2.07,135,131
26-Nov-18,Cavaliers,Timberwolves,2.99,1.42,95,102
26-Nov-18,Hornets,Bucks,2.65,1.51,110,107
26-Nov-18,Pelicans,Celtics,1.74,2.16,107,124
26-Nov-18,Bulls,Spurs,3.19,1.38,107,108
26-Nov-18,Jazz,Pacers,1.51,2.66,88,121
26-Nov-18,Warriors,Magic,1.33,3.49,116,110
27-Nov-18,Pistons,Knicks,1.32,3.58,115,108
27-Nov-18,Heat,Hawks,1.3,3.72,113,115
27-Nov-18,Grizzlies,Raptors,2.89,1.44,114,122
27-Nov-18,Suns,Pacers,2.23,1.69,104,109
27-Nov-18,Nuggets,Lakers,1.67,2.29,117,85
28-Nov-18,76ers,Knicks,1.1,7.76,117,91
28-Nov-18,Hornets,Hawks,1.11,7.12,108,94
28-Nov-18,Nets,Jazz,2.35,1.63,91,101
28-Nov-18,Thunder,Cavaliers,1.09,8.07,100,83
28-Nov-18,Pelicans,Wizards,1.38,3.16,125,104
28-Nov-18,Timberwolves,Spurs,1.53,2.6,128,89
28-Nov-18,Bucks,Bulls,1.06,10.56,116,113
28-Nov-18,Rockets,Mavericks,1.41,3.06,108,128
28-Nov-18,Trail Blazers,Magic,1.21,4.69,115,112
28-Nov-18,Clippers,Suns,1.11,7.36,115,99
29-Nov-18,Raptors,Warriors,1.22,4.51,131,128
29-Nov-18,Kings,Clippers,2.15,1.74,121,133
29-Nov-18,Lakers,Pacers,1.45,2.84,104,96
30-Nov-18,76ers,Wizards,1.24,4.31,123,98
30-Nov-18,Pistons,Bulls,1.24,4.34,107,88
30-Nov-18,Hornets,Jazz,1.74,2.15,111,119
30-Nov-18,Celtics,Cavaliers,1.09,8.24,128,95
30-Nov-18,Nets,Grizzlies,2.22,1.7,125,131
30-Nov-18,Spurs,Rockets,2.42,1.61,105,136
30-Nov-18,Thunder,Hawks,1.08,8.53,124,109
30-Nov-18,Heat,Pelicans,2.28,1.67,106,101
30-Nov-18,Suns,Magic,2.56,1.55,85,99
30-Nov-18,Trail Blazers,Nuggets,1.86,1.99,112,113
30-Nov-18,Lakers,Mavericks,1.57,2.49,114,103
1-Dec-18,Knicks,Bucks,4.13,1.26,136,134
1-Dec-18,Wizards,Nets,1.37,3.25,102,88
1-Dec-18,Pistons,Warriors,2.65,1.51,111,102
1-Dec-18,Timberwolves,Celtics,1.79,2.08,109,118
1-Dec-18,Rockets,Bulls,1.08,9.15,121,105
1-Dec-18,Cavaliers,Raptors,7.19,1.11,95,106
1-Dec-18,Kings,Pacers,2.07,1.8,111,110
2-Dec-18,Lakers,Suns,1.13,6.64,120,96
2-Dec-18,Hornets,Pelicans,1.67,2.28,109,119
2-Dec-18,76ers,Grizzlies,1.39,3.14,103,95
2-Dec-18,Heat,Jazz,2.47,1.58,102,100
2-Dec-18,Spurs,Trail Blazers,1.96,1.89,131,118
2-Dec-18,Mavericks,Clippers,2.39,1.62,114,110
3-Dec-18,Pistons,Thunder,2.16,1.74,83,110
3-Dec-18,Raptors,Nuggets,1.34,3.41,103,106
3-Dec-18,Knicks,Wizards,2.16,1.75,107,110
3-Dec-18,Nets,Cavaliers,1.4,3.08,97,99
3-Dec-18,Hawks,Warriors,6.07,1.14,111,128
3-Dec-18,Pelicans,Clippers,1.81,2.06,126,129
3-Dec-18,Timberwolves,Rockets,2.16,1.75,103,91
4-Dec-18,Pacers,Bulls,1.28,3.92,96,90
4-Dec-18,Heat,Magic,1.68,2.26,90,105
4-Dec-18,Mavericks,Trail Blazers,1.83,2.03,111,102
4-Dec-18,Jazz,Spurs,1.3,3.69,139,105
4-Dec-18,Suns,Kings,2.85,1.46,105,122
5-Dec-18,Magic,Nuggets,2.62,1.52,118,124
5-Dec-18,Cavaliers,Warriors,6.35,1.13,105,129
5-Dec-18,Nets,Thunder,3.22,1.37,112,114
5-Dec-18,Hawks,Wizards,2.37,1.63,117,131
5-Dec-18,Raptors,76ers,1.36,3.28,113,102
5-Dec-18,Pelicans,Mavericks,1.45,2.86,132,106
5-Dec-18,Timberwolves,Hornets,1.52,2.64,121,104
5-Dec-18,Bucks,Pistons,1.33,3.5,115,92
5-Dec-18,Grizzlies,Clippers,1.76,2.13,96,86
5-Dec-18,Lakers,Spurs,1.28,3.91,121,113
6-Dec-18,Celtics,Knicks,1.08,9.03,128,100
6-Dec-18,Trail Blazers,Suns,1.09,8.09,108,86
6-Dec-18,Jazz,Rockets,1.87,1.98,118,91
7-Dec-18,Magic,Pacers,1.59,2.44,90,112
7-Dec-18,Pistons,76ers,1.74,2.17,111,117
7-Dec-18,Hornets,Nuggets,1.87,1.99,113,107
7-Dec-18,Cavaliers,Kings,2.25,1.68,110,129
7-Dec-18,Nets,Raptors,4.39,1.23,106,105
7-Dec-18,Pelicans,Grizzlies,1.45,2.87,103,107
7-Dec-18,Bulls,Thunder,4.48,1.23,114,112
7-Dec-18,Spurs,Lakers,1.96,1.9,133,120
7-Dec-18,Suns,Heat,4.11,1.26,98,115
7-Dec-18,Bucks,Warriors,1.77,2.12,95,105
8-Dec-18,Mavericks,Rockets,2.39,1.61,107,104
8-Dec-18,Pacers,Kings,1.45,2.87,107,97
8-Dec-18,Knicks,Nets,1.78,2.1,104,112
8-Dec-18,Cavaliers,Wizards,3.58,1.32,116,101
8-Dec-18,Hawks,Nuggets,2.98,1.42,106,98
8-Dec-18,Grizzlies,Lakers,1.75,2.14,88,111
8-Dec-18,Bulls,Celtics,3.85,1.28,77,133
8-Dec-18,Trail Blazers,Timberwolves,1.69,2.25,113,105
8-Dec-18,Clippers,Heat,1.19,5.12,98,121
9-Dec-18,Pistons,Pelicans,2.23,1.7,108,116
9-Dec-18,Raptors,Bucks,1.51,2.66,99,104
9-Dec-18,Spurs,Jazz,2.5,1.56,110,97
9-Dec-18,Knicks,Hornets,3.06,1.4,107,119
10-Dec-18,76ers,Pistons,1.12,6.91,116,102
10-Dec-18,Pacers,Wizards,1.4,3.07,109,101
10-Dec-18,Celtics,Pelicans,1.76,2.14,113,100
10-Dec-18,Thunder,Jazz,1.49,2.73,122,113
10-Dec-18,Bucks,Cavaliers,1.17,5.42,108,92
10-Dec-18,Bulls,Kings,2.13,1.75,89,108
10-Dec-18,Mavericks,Magic,1.52,2.64,101,76
10-Dec-18,Suns,Clippers,4.87,1.2,119,123
10-Dec-18,Nuggets,Grizzlies,1.65,2.33,105,99
10-Dec-18,Lakers,Heat,1.45,2.87,108,105
10-Dec-18,Warriors,Timberwolves,1.2,4.97,116,108
11-Dec-18,Rockets,Trail Blazers,1.4,3.1,111,104
11-Dec-18,Spurs,Suns,1.1,7.99,111,86
11-Dec-18,Clippers,Raptors,2.32,1.65,99,123
12-Dec-18,Wizards,Celtics,2.45,1.59,125,130
12-Dec-18,76ers,Nets,1.4,3.11,124,127
12-Dec-18,Pacers,Bucks,2.12,1.76,113,97
12-Dec-18,Cavaliers,Knicks,1.98,1.88,113,106
12-Dec-18,Hornets,Pistons,1.42,2.98,108,107
12-Dec-18,Pelicans,Thunder,2.17,1.73,118,114
12-Dec-18,Grizzlies,Trail Blazers,1.64,2.34,92,83
12-Dec-18,Mavericks,Hawks,1.2,4.86,114,107
12-Dec-18,Jazz,Heat,1.26,4.13,111,84
12-Dec-18,Kings,Timberwolves,2.34,1.64,141,130
12-Dec-18,Warriors,Raptors,1.3,3.72,93,113
13-Dec-18,Rockets,Lakers,1.43,2.96,126,111
13-Dec-18,Spurs,Clippers,1.66,2.29,125,87
13-Dec-18,Magic,Bulls,1.43,2.94,97,91
13-Dec-18,Suns,Mavericks,2.99,1.42,99,89
14-Dec-18,Hornets,Knicks,1.17,5.44,124,126
14-Dec-18,Celtics,Hawks,1.1,7.57,129,108
14-Dec-18,76ers,Pacers,1.71,2.21,101,113
14-Dec-18,Cavaliers,Bucks,4.86,1.2,102,114
14-Dec-18,Nets,Wizards,1.68,2.26,125,118
14-Dec-18,Grizzlies,Heat,1.57,2.49,97,100
14-Dec-18,Kings,Warriors,3.64,1.31,125,130
14-Dec-18,Trail Blazers,Raptors,2.06,1.81,128,122
14-Dec-18,Nuggets,Thunder,2.12,1.77,109,98
15-Dec-18,Magic,Jazz,3.05,1.41,96,89
15-Dec-18,Pistons,Celtics,2.14,1.75,113,104
15-Dec-18,Hornets,Lakers,2,1.86,100,128
15-Dec-18,Grizzlies,Rockets,2.71,1.5,97,105
15-Dec-18,Spurs,Bulls,1.18,5.38,93,98
15-Dec-18,Suns,Timberwolves,3.65,1.31,107,99
15-Dec-18,Thunder,Clippers,1.38,3.18,110,104
16-Dec-18,Nets,Hawks,1.33,3.49,144,127
16-Dec-18,Cavaliers,76ers,4.35,1.24,105,128
16-Dec-18,Pacers,Knicks,1.12,6.92,110,99
16-Dec-18,Wizards,Lakers,2.37,1.62,128,110
16-Dec-18,Pelicans,Heat,1.42,3,96,102
16-Dec-18,Mavericks,Kings,1.53,2.61,113,120
16-Dec-18,Nuggets,Raptors,1.68,2.26,95,86
17-Dec-18,Pistons,Bucks,2.31,1.65,104,107
17-Dec-18,Knicks,Suns,2.01,1.84,110,128
17-Dec-18,Thunder,Bulls,1.1,8,121,96
17-Dec-18,Timberwolves,Kings,1.29,3.76,132,105
17-Dec-18,Rockets,Jazz,1.48,2.72,102,97
17-Dec-18,Spurs,76ers,1.89,1.97,123,96
17-Dec-18,Clippers,Trail Blazers,1.84,2.02,127,131
17-Dec-18,Warriors,Grizzlies,1.09,8.13,110,93
18-Dec-18,Pacers,Cavaliers,1.09,8.06,91,92
18-Dec-18,Nets,Lakers,2.05,1.82,115,110
18-Dec-18,Hawks,Wizards,2.33,1.64,118,110
18-Dec-18,Nuggets,Mavericks,1.53,2.61,126,118
19-Dec-18,76ers,Knicks,1.1,7.81,131,109
19-Dec-18,Magic,Spurs,2.34,1.64,90,129
19-Dec-18,Hornets,Cavaliers,1.09,8.55,110,99
19-Dec-18,Raptors,Pacers,1.54,2.58,99,96
19-Dec-18,Celtics,Suns,1.11,7.08,103,111
19-Dec-18,Timberwolves,Pistons,1.44,2.89,123,129
19-Dec-18,Bucks,Pelicans,1.24,4.28,123,115
19-Dec-18,Rockets,Wizards,1.14,6.05,136,118
19-Dec-18,Bulls,Nets,2.02,1.84,93,96
19-Dec-18,Jazz,Warriors,2.11,1.77,108,103
19-Dec-18,Kings,Thunder,2.55,1.55,113,132
19-Dec-18,Trail Blazers,Grizzlies,1.4,3.1,99,92
20-Dec-18,Heat,Rockets,2.24,1.69,101,99
20-Dec-18,Clippers,Mavericks,1.65,2.33,125,121
21-Dec-18,Raptors,Cavaliers,1.13,6.6,126,110
21-Dec-18,Hornets,Pistons,1.56,2.53,98,86
21-Dec-18,Knicks,Hawks,1.75,2.14,107,114
21-Dec-18,Nets,Pacers,2.26,1.68,106,114
21-Dec-18,Bulls,Magic,2.33,1.65,90,80
21-Dec-18,Celtics,Bucks,2.08,1.8,107,120
21-Dec-18,Spurs,Timberwolves,1.57,2.48,124,98
21-Dec-18,Kings,Grizzlies,1.77,2.12,102,99
21-Dec-18,Trail Blazers,Jazz,1.79,2.09,90,120
21-Dec-18,Lakers,Pelicans,1.45,2.88,112,104
22-Dec-18,Clippers,Nuggets,1.75,2.13,132,111
22-Dec-18,Wizards,Suns,1.51,2.68,149,146
22-Dec-18,76ers,Raptors,1.32,3.58,126,101
22-Dec-18,Heat,Bucks,2.09,1.78,94,87
22-Dec-18,Rockets,Spurs,1.49,2.72,108,101
22-Dec-18,Warriors,Mavericks,1.14,6.18,120,116
22-Dec-18,Jazz,Thunder,1.76,2.12,106,107
23-Dec-18,Pistons,Hawks,1.21,4.68,95,98
23-Dec-18,Pacers,Wizards,1.16,5.6,105,89
23-Dec-18,Kings,Pelicans,1.96,1.89,122,117
23-Dec-18,Magic,Heat,1.75,2.15,91,115
23-Dec-18,Cavaliers,Bulls,1.9,1.94,92,112
23-Dec-18,Nets,Suns,1.24,4.32,111,103
23-Dec-18,Celtics,Hornets,1.33,3.49,119,103
23-Dec-18,Thunder,Timberwolves,1.38,3.21,112,114
23-Dec-18,Warriors,Clippers,1.15,6.05,129,127
23-Dec-18,Trail Blazers,Mavericks,1.32,3.54,121,118
23-Dec-18,Lakers,Grizzlies,1.47,2.79,99,107
25-Dec-18,Knicks,Bucks,4.82,1.2,95,109
25-Dec-18,Rockets,Thunder,1.97,1.88,113,109
25-Dec-18,Celtics,76ers,1.49,2.72,121,114
25-Dec-18,Warriors,Lakers,1.24,4.26,101,127
25-Dec-18,Jazz,Trail Blazers,1.36,3.33,117,96
26-Dec-18,Magic,Suns,1.45,2.86,120,122
26-Dec-18,Pistons,Wizards,1.54,2.59,106,95
26-Dec-18,Heat,Raptors,2.21,1.71,104,106
26-Dec-18,Nets,Hornets,1.84,2.02,134,132
26-Dec-18,Hawks,Pacers,3.21,1.37,121,129
26-Dec-18,Grizzlies,Cavaliers,1.2,4.89,95,87
26-Dec-18,Bulls,Timberwolves,2.5,1.57,94,119
26-Dec-18,Spurs,Nuggets,1.56,2.51,111,103
26-Dec-18,Mavericks,Pelicans,1.76,2.11,122,119
26-Dec-18,Clippers,Kings,1.48,2.74,127,118
27-Dec-18,Bucks,Knicks,1.06,10.26,112,96
27-Dec-18,Rockets,Celtics,2.21,1.7,127,113
27-Dec-18,Kings,Lakers,1.53,2.6,117,116
27-Dec-18,Jazz,76ers,1.52,2.64,97,114
27-Dec-18,Warriors,Trail Blazers,1.25,4.22,109,110
28-Dec-18,Wizards,Bulls,1.52,2.63,92,101
28-Dec-18,Magic,Raptors,2.71,1.49,116,87
28-Dec-18,Pacers,Pistons,1.36,3.33,125,88
28-Dec-18,Hornets,Nets,1.51,2.66,100,87
28-Dec-18,Pelicans,Mavericks,1.54,2.58,114,112
28-Dec-18,Timberwolves,Hawks,1.22,4.6,120,123
28-Dec-18,Heat,Cavaliers,1.17,5.39,118,94
28-Dec-18,Suns,Thunder,2.6,1.53,102,118
28-Dec-18,Nuggets,Spurs,1.53,2.61,102,99
28-Dec-18,Lakers,Clippers,3.39,1.34,107,118
29-Dec-18,Bucks,Nets,1.16,5.73,129,115
29-Dec-18,Wizards,Hornets,2.38,1.62,130,126
29-Dec-18,Pelicans,Rockets,2.38,1.62,104,108
29-Dec-18,Hawks,Cavaliers,1.56,2.52,111,108
29-Dec-18,Jazz,Knicks,1.12,6.97,129,97
29-Dec-18,Grizzlies,Celtics,2.42,1.6,103,112
29-Dec-18,Suns,Nuggets,2.62,1.52,118,122
29-Dec-18,Trail Blazers,Warriors,2.69,1.5,105,115
29-Dec-18,Clippers,Spurs,1.69,2.25,111,122
30-Dec-18,Magic,Pistons,1.83,2.04,109,107
30-Dec-18,Raptors,Bulls,1.15,5.83,95,89
30-Dec-18,Heat,Timberwolves,1.58,2.48,104,113
30-Dec-18,Mavericks,Thunder,2.16,1.74,105,103
30-Dec-18,Trail Blazers,76ers,1.65,2.33,129,95
30-Dec-18,Lakers,Kings,1.8,2.07,121,114
31-Dec-18,Pacers,Hawks,1.08,8.9,116,108
31-Dec-18,Hornets,Magic,1.28,3.88,125,100
31-Dec-18,Spurs,Celtics,2.02,1.85,120,111
31-Dec-18,Rockets,Grizzlies,1.55,2.55,113,101
31-Dec-18,Thunder,Mavericks,1.32,3.59,122,102
31-Dec-18,Pelicans,Timberwolves,1.45,2.86,123,114
31-Dec-18,Suns,Warriors,5.65,1.16,109,132
1-Jan-19,Raptors,Jazz,1.85,2.01,122,116
1-Jan-19,Bucks,Pistons,1.17,5.38,121,98
1-Jan-19,Kings,Trail Blazers,1.96,1.89,108,113
1-Jan-19,Nuggets,Knicks,1.08,8.74,115,108
1-Jan-19,Clippers,76ers,2.03,1.84,113,119
2-Jan-19,Wizards,Hawks,1.38,3.16,114,98
2-Jan-19,Cavaliers,Heat,2.97,1.42,92,117
2-Jan-19,Hornets,Mavericks,1.83,2.04,84,122
2-Jan-19,Nets,Pelicans,2.05,1.82,126,121
2-Jan-19,Grizzlies,Pistons,1.39,3.13,94,101
2-Jan-19,Bulls,Magic,2.01,1.85,84,112
2-Jan-19,Celtics,Timberwolves,1.39,3.13,115,102
2-Jan-19,Suns,76ers,2.37,1.63,127,132
2-Jan-19,Lakers,Thunder,2.82,1.46,100,107
3-Jan-19,Spurs,Raptors,1.62,2.38,125,107
3-Jan-19,Kings,Nuggets,2.42,1.6,113,117
3-Jan-19,Warriors,Rockets,1.27,3.98,134,135
4-Jan-19,Cavaliers,Jazz,4.97,1.19,91,117
4-Jan-19,Timberwolves,Magic,1.56,2.53,120,103
4-Jan-19,Heat,Wizards,1.34,3.37,115,109
4-Jan-19,Grizzlies,Nets,1.57,2.49,100,109
4-Jan-19,Bulls,Pacers,3.45,1.33,116,119
4-Jan-19,Celtics,Mavericks,1.58,2.48,114,93
4-Jan-19,Bucks,Hawks,1.09,8.36,144,112
4-Jan-19,Suns,Clippers,2.64,1.51,111,121
4-Jan-19,Trail Blazers,Thunder,1.89,1.97,109,111
4-Jan-19,Lakers,Knicks,1.43,2.93,112,119
5-Jan-19,Nuggets,Hornets,1.23,4.5,123,110
5-Jan-19,Pistons,Jazz,2.51,1.56,105,110
5-Jan-19,76ers,Mavericks,1.37,3.21,106,100
5-Jan-19,Cavaliers,Pelicans,4.68,1.21,98,133
5-Jan-19,Spurs,Grizzlies,1.25,4.18,108,88
5-Jan-19,Bucks,Raptors,1.42,2.97,116,123
5-Jan-19,Kings,Warriors,3.74,1.29,123,127
5-Jan-19,Trail Blazers,Rockets,1.77,2.13,110,101
6-Jan-19,Timberwolves,Lakers,1.3,3.68,108,86
6-Jan-19,Clippers,Magic,1.36,3.29,106,96
6-Jan-19,Bulls,Nets,2.12,1.76,100,117
6-Jan-19,Hawks,Heat,3.27,1.36,106,82
6-Jan-19,Thunder,Wizards,1.18,5.32,98,116
6-Jan-19,Raptors,Pacers,1.83,2.03,121,105
6-Jan-19,Suns,Hornets,1.82,2.05,113,119
7-Jan-19,Pistons,Spurs,2.22,1.7,107,119
7-Jan-19,Celtics,Nets,1.16,5.65,116,95
7-Jan-19,Pelicans,Grizzlies,1.51,2.67,114,95
7-Jan-19,Bucks,Jazz,1.46,2.82,114,102
7-Jan-19,Rockets,Nuggets,1.89,1.96,125,113
7-Jan-19,Mavericks,Lakers,1.32,3.57,97,107
7-Jan-19,Kings,Magic,1.53,2.61,111,95
7-Jan-19,Trail Blazers,Knicks,1.12,6.84,111,101
8-Jan-19,76ers,Wizards,1.28,3.82,132,115
8-Jan-19,Cavaliers,Pacers,4.96,1.19,115,123
8-Jan-19,Raptors,Hawks,1.08,8.86,104,101
8-Jan-19,Heat,Nuggets,1.77,2.12,99,103
8-Jan-19,Thunder,Timberwolves,1.28,3.92,117,119
8-Jan-19,Suns,Kings,2.41,1.6,115,111
8-Jan-19,Clippers,Hornets,1.39,3.13,128,109
8-Jan-19,Warriors,Knicks,1.03,15.95,122,95
9-Jan-19,Wizards,76ers,2.4,1.61,123,106
9-Jan-19,Celtics,Pacers,1.34,3.45,135,108
9-Jan-19,Nets,Hawks,1.25,4.18,116,100
9-Jan-19,Pelicans,Cavaliers,1.06,10.82,140,124
9-Jan-19,Grizzlies,Spurs,2.2,1.71,96,86
9-Jan-19,Rockets,Bucks,2.06,1.8,109,116
9-Jan-19,Mavericks,Suns,1.15,5.94,104,94
9-Jan-19,Jazz,Magic,1.21,4.7,106,93
9-Jan-19,Trail Blazers,Bulls,1.19,5.06,124,112
9-Jan-19,Lakers,Pistons,1.86,2.01,113,100
10-Jan-19,Heat,Celtics,2.18,1.72,115,99
10-Jan-19,Nuggets,Clippers,1.46,2.83,121,100
10-Jan-19,Spurs,Thunder,2.03,1.83,154,147
10-Jan-19,Kings,Pistons,1.29,3.76,112,102
11-Jan-19,Wizards,Bucks,2.09,1.79,113,106
11-Jan-19,76ers,Hawks,1.19,5.02,121,123
11-Jan-19,Raptors,Nets,1.18,5.28,122,105
11-Jan-19,Knicks,Pacers,4.09,1.26,106,121
11-Jan-19,Timberwolves,Mavericks,1.51,2.64,115,119
11-Jan-19,Rockets,Cavaliers,1.07,9.78,141,113
11-Jan-19,Jazz,Lakers,1.27,4.01,113,95
11-Jan-19,Trail Blazers,Hornets,1.37,3.21,127,96
11-Jan-19,Warriors,Bulls,1.05,11.71,146,109
12-Jan-19,Clippers,Pistons,1.34,3.4,104,109
12-Jan-19,Heat,Grizzlies,1.63,2.36,112,108
12-Jan-19,Magic,Celtics,3.42,1.34,105,103
12-Jan-19,Thunder,Spurs,1.38,3.17,122,112
12-Jan-19,Timberwolves,Pelicans,2.07,1.8,110,106
12-Jan-19,Suns,Nuggets,4.4,1.23,102,93
12-Jan-19,Jazz,Bulls,1.12,6.77,110,102
12-Jan-19,Kings,Hornets,1.44,2.9,104,97
13-Jan-19,Wizards,Raptors,2.76,1.48,138,140
13-Jan-19,Knicks,76ers,4.09,1.26,105,108
13-Jan-19,Hawks,Bucks,4.81,1.2,114,133
13-Jan-19,Magic,Rockets,2.77,1.47,116,109
13-Jan-19,Mavericks,Warriors,3.03,1.41,114,119
13-Jan-19,Nuggets,Trail Blazers,1.55,2.57,116,113
13-Jan-19,Lakers,Cavaliers,1.16,5.73,95,101
14-Jan-19,Nets,Celtics,2.16,1.74,109,102
14-Jan-19,Rockets,Grizzlies,1.63,2.37,112,94
14-Jan-19,Spurs,Hornets,1.3,3.68,93,108
14-Jan-19,Jazz,Pistons,1.3,3.75,100,94
14-Jan-19,Kings,Trail Blazers,1.77,2.11,115,107
14-Jan-19,Clippers,Pelicans,1.99,1.86,117,121
15-Jan-19,76ers,Timberwolves,1.41,3.01,149,107
15-Jan-19,Pacers,Suns,1.16,5.68,131,97
15-Jan-19,Hawks,Thunder,4.76,1.21,142,126
15-Jan-19,Bucks,Heat,1.25,4.18,124,86
15-Jan-19,Nuggets,Warriors,2.18,1.73,111,142
15-Jan-19,Lakers,Bulls,1.34,3.4,107,100
16-Jan-19,Pistons,Magic,1.59,2.45,120,115
16-Jan-19,Grizzlies,Bucks,3.03,1.41,101,111
16-Jan-19,Rockets,Nets,1.43,2.93,142,145
16-Jan-19,Celtics,Raptors,1.69,2.25,117,108
16-Jan-19,Mavericks,Spurs,1.84,2.02,101,105
16-Jan-19,Trail Blazers,Cavaliers,1.07,9.78,129,112
16-Jan-19,Clippers,Jazz,1.9,1.96,109,129
16-Jan-19,Warriors,Pelicans,1.34,3.37,147,140
17-Jan-19,Wizards,Knicks,1.32,3.54,101,100
17-Jan-19,Pacers,76ers,1.67,2.29,96,120
17-Jan-19,Hornets,Kings,1.69,2.23,114,95
17-Jan-19,Raptors,Suns,1.22,4.53,111,109
17-Jan-19,Nuggets,Bulls,1.06,10.3,135,105
17-Jan-19,Thunder,Lakers,1.19,5.01,128,138
18-Jan-19,Magic,Nets,1.75,2.15,115,117
18-Jan-19,Pistons,Heat,1.73,2.18,98,93
18-Jan-19,Celtics,Grizzlies,1.17,5.42,122,116
18-Jan-19,Timberwolves,Spurs,1.83,2.03,113,116
18-Jan-19,Jazz,Cavaliers,1.04,12.46,115,99
18-Jan-19,Trail Blazers,Pelicans,1.66,2.31,128,112
18-Jan-19,Clippers,Warriors,3.49,1.33,94,112
19-Jan-19,76ers,Thunder,1.63,2.37,115,117
19-Jan-19,Hornets,Suns,1.34,3.44,135,115
19-Jan-19,Magic,Bucks,5.23,1.18,108,118
19-Jan-19,Pacers,Mavericks,1.31,3.62,111,99
19-Jan-19,Pistons,Kings,1.98,1.88,101,103
19-Jan-19,Raptors,Grizzlies,1.15,5.84,119,90
19-Jan-19,Hawks,Celtics,3.35,1.35,105,113
19-Jan-19,Bulls,Heat,2.47,1.58,103,117
19-Jan-19,Rockets,Lakers,1.33,3.45,138,134
19-Jan-19,Nuggets,Cavaliers,1.02,16.21,124,102
20-Jan-19,Pacers,Hornets,1.29,3.8,120,95
20-Jan-19,Spurs,Clippers,1.21,4.74,95,103
20-Jan-19,Timberwolves,Suns,1.1,7.68,116,114
21-Jan-19,Knicks,Thunder,4.36,1.23,109,127
21-Jan-19,Cavaliers,Bulls,2.2,1.71,88,104
21-Jan-19,Wizards,Pistons,1.44,2.92,101,87
21-Jan-19,Bucks,Mavericks,1.14,6.13,116,106
21-Jan-19,Hawks,Magic,1.74,2.15,103,122
21-Jan-19,Nets,Kings,1.6,2.43,123,94
21-Jan-19,Grizzlies,Pelicans,1.69,2.24,85,105
21-Jan-19,Celtics,Heat,1.25,4.16,107,99
21-Jan-19,76ers,Rockets,1.54,2.6,121,93
21-Jan-19,Jazz,Trail Blazers,1.46,2.81,104,109
21-Jan-19,Lakers,Warriors,8.35,1.09,111,130
22-Jan-19,Raptors,Kings,1.15,5.86,120,105
22-Jan-19,Thunder,Trail Blazers,1.56,2.53,123,114
22-Jan-19,Mavericks,Clippers,1.68,2.26,106,98
22-Jan-19,Suns,Timberwolves,2.49,1.57,91,118
23-Jan-19,Pacers,Raptors,1.4,3.06,110,106
23-Jan-19,Knicks,Rockets,3.88,1.28,110,114
23-Jan-19,Heat,Clippers,1.45,2.88,99,111
23-Jan-19,Nets,Magic,1.49,2.73,114,110
23-Jan-19,Celtics,Cavaliers,1.06,11.01,123,103
23-Jan-19,76ers,Spurs,1.7,2.25,122,120
23-Jan-19,Pelicans,Pistons,1.48,2.73,94,98
23-Jan-19,Grizzlies,Hornets,1.84,2.02,107,118
23-Jan-19,Bulls,Hawks,1.83,2.04,101,121
23-Jan-19,Jazz,Nuggets,1.56,2.53,114,108
24-Jan-19,Wizards,Warriors,4.67,1.21,118,126
24-Jan-19,Thunder,Pelicans,1.08,9.32,122,116
24-Jan-19,Suns,Trail Blazers,4.19,1.25,106,120
24-Jan-19,Lakers,Timberwolves,1.76,2.13,105,120
25-Jan-19,Magic,Wizards,1.63,2.35,91,95
25-Jan-19,Cavaliers,Heat,4.2,1.25,94,100
25-Jan-19,Nets,Knicks,1.23,4.44,109,99
25-Jan-19,Grizzlies,Kings,1.77,2.11,96,99
25-Jan-19,Rockets,Raptors,2.38,1.62,121,119
25-Jan-19,Bulls,Clippers,2.69,1.5,101,106
25-Jan-19,Bucks,Hornets,1.13,6.55,108,99
25-Jan-19,Mavericks,Pistons,1.51,2.67,106,101
25-Jan-19,Jazz,Timberwolves,1.17,5.58,106,102
25-Jan-19,Nuggets,Suns,1.05,11.91,132,95
26-Jan-19,Pelicans,Spurs,2.63,1.52,114,126
26-Jan-19,Grizzlies,Pacers,2.71,1.49,106,103
26-Jan-19,Celtics,Warriors,2.42,1.6,111,115
26-Jan-19,Nuggets,76ers,1.17,5.43,126,110
26-Jan-19,Trail Blazers,Hawks,1.24,4.26,120,111
27-Jan-19,Clippers,Kings,1.62,2.38,122,108
27-Jan-19,Bulls,Cavaliers,1.54,2.58,101,104
27-Jan-19,Thunder,Bucks,2.02,1.84,118,112
27-Jan-19,Spurs,Wizards,1.58,2.49,132,119
27-Jan-19,Timberwolves,Jazz,2.84,1.46,111,125
27-Jan-19,Rockets,Magic,1.24,4.23,103,98
27-Jan-19,Mavericks,Raptors,2.63,1.52,120,123
27-Jan-19,Knicks,Heat,2.79,1.47,97,106
27-Jan-19,Lakers,Suns,1.3,3.72,116,102
28-Jan-19,Pacers,Warriors,3.64,1.31,100,132
28-Jan-19,Hornets,Knicks,1.11,7.28,101,92
28-Jan-19,Celtics,Nets,1.23,4.46,112,104
28-Jan-19,Grizzlies,Nuggets,2.94,1.43,92,95
28-Jan-19,Clippers,Hawks,1.4,3.07,118,123
29-Jan-19,Magic,Thunder,2.35,1.63,117,126
29-Jan-19,Pistons,Bucks,3.46,1.33,105,115
29-Jan-19,Cavaliers,Wizards,3.77,1.29,116,113
29-Jan-19,Nets,Bulls,1.37,3.24,122,117
29-Jan-19,Rockets,Pelicans,1.08,9.43,116,121
29-Jan-19,Spurs,Suns,1.08,9.26,126,124
29-Jan-19,Lakers,76ers,3.53,1.32,105,121
30-Jan-19,Knicks,Mavericks,3.42,1.34,90,114
30-Jan-19,Heat,Bulls,1.16,5.82,89,105
30-Jan-19,Celtics,Hornets,1.32,3.58,126,94
30-Jan-19,Wizards,Pacers,1.89,1.97,107,89
30-Jan-19,Pelicans,Nuggets,4.54,1.22,99,105
30-Jan-19,Timberwolves,Grizzlies,1.65,2.32,99,97
30-Jan-19,Kings,Hawks,1.47,2.77,135,113
30-Jan-19,Trail Blazers,Jazz,2.21,1.71,132,105
31-Jan-19,Magic,Pacers,1.63,2.36,107,100
31-Jan-19,Pistons,Mavericks,1.3,3.65,93,89
31-Jan-19,Raptors,Bucks,1.71,2.21,92,105
31-Jan-19,Spurs,Nets,1.31,3.66,117,114
31-Jan-19,Clippers,Lakers,2.1,1.78,120,123
31-Jan-19,Warriors,76ers,1.28,3.94,104,113
1-Feb-19,Hornets,Grizzlies,1.28,3.87,100,92
1-Feb-19,Knicks,Celtics,9.54,1.07,99,113
1-Feb-19,Heat,Thunder,2.44,1.59,102,118
1-Feb-19,Jazz,Hawks,1.11,7.19,128,112
1-Feb-19,Nuggets,Rockets,1.64,2.35,136,122
2-Feb-19,Pistons,Clippers,1.73,2.18,101,111
2-Feb-19,Wizards,Bucks,3.1,1.4,115,131
2-Feb-19,Magic,Nets,1.66,2.29,102,89
2-Feb-19,Hornets,Bulls,1.35,3.33,125,118
2-Feb-19,Heat,Pacers,1.76,2.14,88,95
2-Feb-19,Cavaliers,Mavericks,2.82,1.46,98,111
2-Feb-19,Spurs,Pelicans,1.16,5.64,113,108
2-Feb-19,Warriors,Lakers,1.06,11.26,115,101
2-Feb-19,Jazz,Rockets,1.34,3.38,98,125
2-Feb-19,Suns,Hawks,1.77,2.1,112,118
2-Feb-19,Timberwolves,Nuggets,1.84,2.02,106,107
2-Feb-19,Kings,76ers,2.28,1.67,115,108
3-Feb-19,Knicks,Grizzlies,2.18,1.73,84,96
3-Feb-19,Celtics,Thunder,1.56,2.52,134,129
3-Feb-19,Raptors,Clippers,1.21,4.67,121,103
4-Feb-19,Wizards,Hawks,1.35,3.35,129,137
4-Feb-19,Pistons,Nuggets,2.15,1.74,129,103
4-Feb-19,Nets,Bucks,3.46,1.33,94,113
4-Feb-19,Pelicans,Pacers,2.38,1.62,107,109
4-Feb-19,Suns,Rockets,4.28,1.24,110,118
4-Feb-19,Kings,Spurs,2.1,1.78,127,112
5-Feb-19,Pacers,Lakers,2.18,1.73,136,94
5-Feb-19,Cavaliers,Celtics,5.79,1.15,96,103
5-Feb-19,Hornets,Clippers,1.63,2.36,115,117
5-Feb-19,Knicks,Pistons,2.33,1.64,92,105
5-Feb-19,76ers,Raptors,1.75,2.15,107,119
5-Feb-19,Thunder,Magic,1.23,4.4,132,122
5-Feb-19,Grizzlies,Timberwolves,2.43,1.6,108,106
5-Feb-19,Trail Blazers,Heat,1.3,3.67,108,118
6-Feb-19,Nets,Nuggets,2.34,1.64,135,130
6-Feb-19,Bucks,Wizards,1.13,6.72,148,129
6-Feb-19,Bulls,Pelicans,2.02,1.84,120,125
6-Feb-19,Mavericks,Hornets,1.44,2.9,99,93
6-Feb-19,Jazz,Suns,1.06,10.72,116,88
6-Feb-19,Kings,Rockets,2.49,1.57,101,127
6-Feb-19,Warriors,Spurs,1.05,11.48,141,102
7-Feb-19,Magic,Timberwolves,1.61,2.4,122,112
7-Feb-19,Pacers,Clippers,1.38,3.2,116,92
7-Feb-19,Hawks,Raptors,3.33,1.35,101,119
7-Feb-19,Thunder,Grizzlies,1.07,9.34,117,95
7-Feb-19,Celtics,Lakers,1.24,4.34,128,129
7-Feb-19,Trail Blazers,Spurs,1.4,3.1,127,118
8-Feb-19,Wizards,Cavaliers,1.19,5.05,119,106
8-Feb-19,76ers,Nuggets,1.41,3.05,117,110
8-Feb-19,Pistons,Knicks,1.3,3.74,120,103
8-Feb-19,Nets,Bulls,1.27,3.95,106,125
8-Feb-19,Mavericks,Bucks,2.99,1.42,107,122
8-Feb-19,Suns,Warriors,13.5,1.04,107,117
8-Feb-19,Pelicans,Timberwolves,1.42,2.97,122,117
8-Feb-19,Kings,Heat,1.61,2.4,102,96
9-Feb-19,Jazz,Spurs,1.29,3.82,125,105
9-Feb-19,Pacers,Cavaliers,1.07,9.96,105,90
9-Feb-19,Knicks,Raptors,9.23,1.08,99,104
9-Feb-19,Hawks,Hornets,2.1,1.77,120,129
9-Feb-19,Grizzlies,Pelicans,1.85,2,99,90
9-Feb-19,Bulls,Wizards,2.11,1.76,125,134
9-Feb-19,Celtics,Clippers,1.12,6.85,112,123
9-Feb-19,Rockets,Thunder,1.73,2.17,112,117
9-Feb-19,Bucks,Magic,1.37,3.22,83,103
10-Feb-19,Mavericks,Trail Blazers,2.31,1.65,102,101
10-Feb-19,76ers,Lakers,1.35,3.4,143,120
10-Feb-19,Kings,Suns,1.22,4.52,117,104
10-Feb-19,Hawks,Magic,1.99,1.87,108,124
10-Feb-19,Warriors,Heat,1.08,9.22,120,118
11-Feb-19,Pacers,Hornets,1.46,2.82,99,90
11-Feb-19,Pistons,Wizards,1.4,3.06,121,112
11-Feb-19,Cavaliers,Knicks,1.88,1.97,107,104
11-Feb-19,Raptors,Nets,1.17,5.41,127,125
11-Feb-19,Thunder,Trail Blazers,1.53,2.62,120,111
11-Feb-19,Timberwolves,Clippers,1.6,2.44,130,120
11-Feb-19,Rockets,Mavericks,1.15,5.99,120,104
11-Feb-19,Bulls,Bucks,6.37,1.13,99,112
11-Feb-19,Nuggets,Heat,1.21,4.79,103,87
12-Feb-19,Hawks,Lakers,2.95,1.43,117,113
12-Feb-19,76ers,Celtics,1.34,3.42,109,112
12-Feb-19,Pelicans,Magic,1.51,2.66,88,118
12-Feb-19,Grizzlies,Spurs,3.61,1.31,107,108
12-Feb-19,Warriors,Jazz,1.23,4.48,115,108
13-Feb-19,Pacers,Bucks,2.6,1.53,97,106
13-Feb-19,Cavaliers,Nets,3.6,1.31,139,148
13-Feb-19,Raptors,Wizards,1.21,4.75,129,120
13-Feb-19,Knicks,76ers,5.22,1.18,111,126
13-Feb-19,Celtics,Pistons,1.59,2.45,118,110
13-Feb-19,Timberwolves,Rockets,2.57,1.54,121,111
13-Feb-19,Bulls,Grizzlies,1.82,2.04,122,110
13-Feb-19,Mavericks,Heat,1.65,2.33,101,112
13-Feb-19,Nuggets,Kings,1.32,3.58,120,118
13-Feb-19,Trail Blazers,Warriors,2.14,1.75,129,107
13-Feb-19,Clippers,Suns,1.3,3.68,134,107
14-Feb-19,Magic,Hornets,1.58,2.47,127,89
14-Feb-19,Hawks,Knicks,1.29,3.77,91,106
14-Feb-19,Pelicans,Thunder,2.61,1.52,131,122
21-Feb-19,76ers,Heat,1.41,3.03,106,102
21-Feb-19,Cavaliers,Suns,1.87,1.99,111,98
21-Feb-19,Nets,Trail Blazers,2.28,1.67,99,113
21-Feb-19,Bucks,Celtics,1.39,3.15,98,97
21-Feb-19,Lakers,Rockets,2.28,1.67,111,106
21-Feb-19,Warriors,Kings,1.1,7.64,125,123
22-Feb-19,Raptors,Spurs,1.27,3.95,120,117
22-Feb-19,Magic,Bulls,1.28,3.9,109,110
22-Feb-19,Pacers,Pelicans,1.47,2.78,126,111
22-Feb-19,Hornets,Wizards,1.47,2.79,123,110
22-Feb-19,Knicks,Timberwolves,2.51,1.56,104,115
22-Feb-19,Hawks,Pistons,2.67,1.51,122,125
22-Feb-19,Grizzlies,Clippers,2.23,1.7,106,112
22-Feb-19,Mavericks,Nuggets,3.41,1.34,104,114
22-Feb-19,Thunder,Jazz,1.56,2.51,148,147
23-Feb-19,76ers,Trail Blazers,1.83,2.04,115,130
23-Feb-19,Wizards,Pacers,1.89,1.96,112,119
23-Feb-19,Pelicans,Lakers,3.16,1.38,128,115
23-Feb-19,Cavaliers,Grizzlies,1.84,2.01,112,107
23-Feb-19,Hornets,Nets,1.62,2.38,115,117
23-Feb-19,Hawks,Suns,1.62,2.37,120,112
23-Feb-19,Heat,Pistons,1.61,2.4,96,119
23-Feb-19,Thunder,Kings,1.41,3.06,116,119
23-Feb-19,Bulls,Celtics,5.31,1.18,126,116
23-Feb-19,Bucks,Timberwolves,1.09,8.4,140,128
23-Feb-19,Warriors,Rockets,1.12,6.99,112,118
23-Feb-19,Jazz,Mavericks,1.12,6.8,125,109
24-Feb-19,Raptors,Magic,1.33,3.48,98,113
24-Feb-19,Nuggets,Clippers,1.21,4.7,123,96
24-Feb-19,Knicks,Spurs,4.46,1.23,130,118
25-Feb-19,Pistons,Pacers,1.72,2.19,113,109
25-Feb-19,Cavaliers,Trail Blazers,4.52,1.22,110,123
25-Feb-19,Hornets,Warriors,4.18,1.25,110,121
25-Feb-19,Heat,Suns,1.3,3.7,121,124
25-Feb-19,Nets,Spurs,1.82,2.05,101,85
25-Feb-19,Pelicans,76ers,2.14,1.76,110,111
25-Feb-19,Timberwolves,Kings,1.62,2.37,112,105
25-Feb-19,Grizzlies,Lakers,2.84,1.45,110,105
25-Feb-19,Rockets,Hawks,1.09,8.1,119,111
25-Feb-19,Bulls,Bucks,3.88,1.28,106,117
25-Feb-19,Clippers,Mavericks,1.62,2.38,121,112
26-Feb-19,Knicks,Magic,3.64,1.31,108,103
26-Feb-19,Raptors,Celtics,1.62,2.38,118,95
26-Feb-19,Nuggets,Thunder,1.62,2.38,121,112
27-Feb-19,Hornets,Rockets,2.84,1.45,113,118
27-Feb-19,Hawks,Timberwolves,2.68,1.5,131,123
27-Feb-19,Heat,Warriors,4.95,1.19,126,125
27-Feb-19,Nets,Wizards,1.47,2.79,116,125
27-Feb-19,Grizzlies,Bulls,1.64,2.33,107,109
27-Feb-19,Celtics,Trail Blazers,1.71,2.21,92,97
27-Feb-19,Spurs,Pistons,1.55,2.54,105,93
27-Feb-19,Mavericks,Pacers,1.99,1.87,110,101
27-Feb-19,Jazz,Clippers,1.19,5.06,111,105
27-Feb-19,Kings,Bucks,3.19,1.38,140,141
27-Feb-19,Lakers,Pelicans,1.38,3.19,125,119
28-Feb-19,Magic,Warriors,2.58,1.53,103,96
28-Feb-19,Pacers,Timberwolves,1.62,2.37,122,115
28-Feb-19,Knicks,Cavaliers,1.81,2.05,118,125
28-Feb-19,Thunder,76ers,1.57,2.49,104,108
28-Feb-19,Rockets,Heat,1.21,4.72,121,118
28-Feb-19,Nuggets,Jazz,1.32,3.55,104,111
1-Mar-19,Nets,Hornets,1.69,2.24,112,123
1-Mar-19,Hawks,Bulls,1.92,1.94,161,168
1-Mar-19,Raptors,Trail Blazers,1.5,2.7,119,117
1-Mar-19,Celtics,Wizards,1.18,5.17,107,96
1-Mar-19,Suns,Pelicans,2.58,1.54,116,130
1-Mar-19,Kings,Clippers,1.65,2.32,109,116
1-Mar-19,Lakers,Bucks,2.95,1.43,120,131
2-Mar-19,Cavaliers,Pistons,3.89,1.28,93,129
2-Mar-19,Pacers,Magic,1.66,2.3,112,117
2-Mar-19,Heat,Nets,1.73,2.17,117,88
2-Mar-19,Spurs,Thunder,1.49,2.74,116,102
2-Mar-19,76ers,Warriors,2.75,1.48,117,120
2-Mar-19,Mavericks,Grizzlies,1.51,2.68,81,111
2-Mar-19,Jazz,Bucks,1.53,2.59,115,111
2-Mar-19,Suns,Lakers,3.38,1.34,118,109
2-Mar-19,Nuggets,Pelicans,1.08,8.95,112,120
3-Mar-19,Hornets,Trail Blazers,2.16,1.74,108,118
3-Mar-19,Clippers,Knicks,1.18,5.36,128,107
3-Mar-19,Bulls,Hawks,1.57,2.51,118,123
3-Mar-19,Celtics,Rockets,1.77,2.11,104,115
3-Mar-19,Wizards,Timberwolves,1.91,1.93,135,121
3-Mar-19,Pistons,Raptors,2.1,1.78,112,107
3-Mar-19,Cavaliers,Magic,3.05,1.41,107,93
3-Mar-19,Thunder,Grizzlies,1.18,5.31,99,95
4-Mar-19,Heat,Hawks,1.18,5.26,114,113
4-Mar-19,Nets,Mavericks,1.43,2.94,127,88
4-Mar-19,Spurs,Nuggets,1.83,2.02,104,103
4-Mar-19,Jazz,Pelicans,1.19,5.1,112,115
4-Mar-19,Suns,Bucks,8.42,1.09,114,105
4-Mar-19,Kings,Knicks,1.14,6.08,115,108
4-Mar-19,Lakers,Clippers,1.59,2.45,105,113
5-Mar-19,76ers,Magic,1.54,2.58,114,106
5-Mar-19,Pacers,Bulls,1.36,3.32,105,96
5-Mar-19,Raptors,Rockets,1.63,2.36,95,107
5-Mar-19,Timberwolves,Thunder,2.1,1.78,131,120
5-Mar-19,Grizzlies,Trail Blazers,2.91,1.44,120,111
5-Mar-19,Warriors,Celtics,1.37,3.26,95,128
6-Mar-19,Wizards,Mavericks,1.44,2.89,132,123
6-Mar-19,Pistons,Timberwolves,1.5,2.7,131,114
6-Mar-19,Hornets,Heat,1.63,2.35,84,91
6-Mar-19,Nets,Cavaliers,1.2,4.81,113,107
6-Mar-19,Hawks,Spurs,2.89,1.44,104,111
6-Mar-19,Pelicans,Jazz,2.69,1.51,104,114
6-Mar-19,Bulls,76ers,2.49,1.57,108,107
6-Mar-19,Suns,Knicks,1.59,2.45,107,96
6-Mar-19,Kings,Celtics,2.1,1.78,109,111
6-Mar-19,Lakers,Nuggets,2.75,1.49,99,115
7-Mar-19,Bucks,Pacers,1.2,4.94,117,98
7-Mar-19,Trail Blazers,Thunder,1.62,2.39,121,129
8-Mar-19,Magic,Mavericks,1.35,3.36,111,106
8-Mar-19,Hornets,Wizards,1.55,2.56,112,111
8-Mar-19,Pelicans,Raptors,4.22,1.24,104,127
8-Mar-19,Heat,Cavaliers,1.23,4.33,126,110
8-Mar-19,Grizzlies,Jazz,2.71,1.49,114,104
8-Mar-19,Rockets,76ers,1.29,3.82,107,91
8-Mar-19,Bulls,Pistons,2.45,1.59,104,112
8-Mar-19,Clippers,Thunder,1.79,2.09,118,110
8-Mar-19,Warriors,Nuggets,1.37,3.26,122,105
9-Mar-19,Knicks,Kings,2.92,1.43,94,102
9-Mar-19,Hawks,Nets,2.6,1.53,112,114
9-Mar-19,Timberwolves,Wizards,1.34,3.39,135,130
9-Mar-19,Lakers,Celtics,3.54,1.32,107,120
9-Mar-19,Bucks,Hornets,1.12,7.01,131,114
9-Mar-19,Trail Blazers,Suns,1.11,7.5,127,120
10-Mar-19,Pistons,Bulls,1.24,4.33,131,108
10-Mar-19,76ers,Pacers,1.38,3.19,106,89
10-Mar-19,Heat,Raptors,1.8,2.08,104,125
10-Mar-19,Grizzlies,Magic,1.9,1.96,105,97
10-Mar-19,Hawks,Pelicans,1.9,1.96,128,116
10-Mar-19,Mavericks,Rockets,4.24,1.25,93,94
10-Mar-19,Spurs,Bucks,2.12,1.76,121,114
10-Mar-19,Timberwolves,Knicks,1.38,3.21,103,92
10-Mar-19,Warriors,Suns,1.03,14.8,111,115
11-Mar-19,Wizards,Kings,1.76,2.14,121,115
11-Mar-19,Cavaliers,Raptors,4.42,1.23,126,101
11-Mar-19,Nets,Pistons,1.74,2.16,103,75
11-Mar-19,Rockets,Hornets,1.19,5.03,118,106
11-Mar-19,Jazz,Thunder,1.62,2.39,89,98
11-Mar-19,Clippers,Celtics,2.07,1.8,140,115
12-Mar-19,76ers,Cavaliers,1.05,11.28,106,99
12-Mar-19,Pacers,Knicks,1.14,6.35,103,98
12-Mar-19,Pelicans,Bucks,5.55,1.17,113,130
12-Mar-19,Mavericks,Spurs,2.35,1.63,105,112
12-Mar-19,Bulls,Lakers,2.13,1.75,107,123
12-Mar-19,Nuggets,Timberwolves,1.17,5.39,133,107
12-Mar-19,Clippers,Trail Blazers,2.4,1.61,104,125
13-Mar-19,Wizards,Magic,1.82,2.05,100,90
13-Mar-19,Thunder,Nets,1.34,3.44,108,96
13-Mar-19,Heat,Pistons,1.74,2.15,108,74
13-Mar-19,Hawks,Grizzlies,2.04,1.83,132,111
13-Mar-19,Rockets,Warriors,1.58,2.47,104,106
13-Mar-19,Suns,Jazz,4.21,1.25,97,114
14-Mar-19,Magic,Cavaliers,1.25,4.14,120,91
14-Mar-19,Pacers,Thunder,1.88,1.97,108,106
14-Mar-19,Celtics,Kings,1.31,3.67,126,120
14-Mar-19,Raptors,Lakers,1.33,3.49,111,98
14-Mar-19,Jazz,Timberwolves,1.24,4.32,120,100
14-Mar-19,Nuggets,Mavericks,1.13,6.5,100,99
15-Mar-19,Wizards,Hornets,1.66,2.3,110,116
15-Mar-19,76ers,Kings,1.17,5.58,123,114
15-Mar-19,Pistons,Lakers,1.09,8.17,111,97
15-Mar-19,Pelicans,Trail Blazers,4.42,1.23,110,122
15-Mar-19,Heat,Bucks,2.78,1.47,98,113
15-Mar-19,Rockets,Suns,1.1,7.75,108,102
15-Mar-19,Spurs,Knicks,1.08,8.96,109,83
15-Mar-19,Clippers,Bulls,1.23,4.36,128,121
16-Mar-19,Celtics,Hawks,1.16,5.66,129,120
16-Mar-19,Wizards,Grizzlies,1.82,2.04,135,128
16-Mar-19,Pelicans,Suns,1.51,2.67,136,138
16-Mar-19,Spurs,Trail Blazers,1.72,2.19,108,103
16-Mar-19,Thunder,Warriors,1.78,2.08,88,110
16-Mar-19,Mavericks,Cavaliers,1.44,2.88,121,116
16-Mar-19,Jazz,Nets,1.24,4.3,114,98
16-Mar-19,Nuggets,Pacers,1.35,3.34,102,100
17-Mar-19,Knicks,Lakers,2.64,1.52,124,123
17-Mar-19,Heat,Hornets,1.63,2.35,93,75
17-Mar-19,Bucks,76ers,1.42,2.99,125,130
17-Mar-19,Pistons,Raptors,1.84,2.03,110,107
17-Mar-19,Kings,Bulls,1.36,3.27,129,102
17-Mar-19,Magic,Hawks,1.26,4.1,101,91
17-Mar-19,Clippers,Nets,1.43,2.94,119,116
17-Mar-19,Rockets,Timberwolves,1.2,4.87,117,102
18-Mar-19,Wizards,Jazz,2.85,1.45,95,116
18-Mar-19,Cavaliers,Pistons,3.25,1.37,126,119
18-Mar-19,Raptors,Knicks,1.11,7.34,128,92
18-Mar-19,Celtics,Nuggets,1.58,2.48,105,114
18-Mar-19,Spurs,Warriors,2.27,1.68,111,105
18-Mar-19,Thunder,Heat,1.44,2.91,107,116
18-Mar-19,Mavericks,Pelicans,1.5,2.7,125,129
18-Mar-19,Suns,Bulls,1.72,2.19,101,116
18-Mar-19,Trail Blazers,Pacers,1.54,2.59,106,98
19-Mar-19,Hornets,76ers,1.83,2.03,114,118
19-Mar-19,Hawks,Rockets,3.81,1.29,105,121
19-Mar-19,Timberwolves,Warriors,3.18,1.38,107,117
19-Mar-19,Bucks,Lakers,1.15,5.85,115,101
19-Mar-19,Kings,Nets,1.64,2.34,121,123
19-Mar-19,Clippers,Pacers,1.47,2.8,115,109
20-Mar-19,76ers,Celtics,1.62,2.39,118,115
20-Mar-19,Magic,Pelicans,1.22,4.62,119,96
20-Mar-19,Cavaliers,Bucks,3.02,1.42,107,102
20-Mar-19,Knicks,Jazz,8.18,1.09,116,137
20-Mar-19,Grizzlies,Rockets,2.89,1.44,126,125
20-Mar-19,Bulls,Wizards,2.54,1.56,126,120
20-Mar-19,Spurs,Heat,1.41,3.05,105,110
20-Mar-19,Thunder,Raptors,1.5,2.7,114,123
20-Mar-19,Trail Blazers,Mavericks,1.19,5.11,126,118
21-Mar-19,Wizards,Nuggets,4.09,1.26,108,113
21-Mar-19,Hornets,Timberwolves,1.42,2.99,113,106
21-Mar-19,Hawks,Jazz,3.58,1.32,117,114
21-Mar-19,Kings,Mavericks,1.24,4.35,116,100
21-Mar-19,Suns,Pistons,3.27,1.37,98,118
21-Mar-19,Warriors,Pacers,1.14,6.26,112,89
22-Mar-19,Magic,Grizzlies,1.16,5.72,123,119
22-Mar-19,Raptors,Thunder,1.77,2.11,109,116
22-Mar-19,Knicks,Nuggets,6.49,1.13,93,111
22-Mar-19,Cavaliers,Clippers,3.39,1.35,108,110
22-Mar-19,Rockets,Spurs,1.38,3.18,111,105
22-Mar-19,Bucks,Heat,1.3,3.73,116,87
22-Mar-19,Lakers,Nets,2.2,1.72,106,111
23-Mar-19,Hornets,Celtics,2.45,1.58,124,117
23-Mar-19,Wizards,Heat,1.83,2.04,108,113
23-Mar-19,Hawks,76ers,3.54,1.32,129,127
23-Mar-19,Grizzlies,Timberwolves,1.91,1.94,99,112
23-Mar-19,Bulls,Jazz,6.34,1.14,83,114
23-Mar-19,Warriors,Mavericks,1.08,8.94,91,126
23-Mar-19,Kings,Suns,1.15,5.93,112,103
23-Mar-19,Trail Blazers,Pistons,1.46,2.82,117,112
24-Mar-19,Knicks,Clippers,4.16,1.25,113,124
24-Mar-19,Bucks,Cavaliers,1.07,9.39,127,105
24-Mar-19,Pacers,Nuggets,2.03,1.83,124,88
24-Mar-19,Raptors,Hornets,1.13,6.48,114,115
24-Mar-19,Pelicans,Rockets,5.06,1.19,90,113
24-Mar-19,Celtics,Spurs,2.09,1.79,96,115
24-Mar-19,Warriors,Pistons,1.18,5.22,121,114
24-Mar-19,Lakers,Kings,1.96,1.89,111,106
25-Mar-19,Magic,76ers,1.77,2.11,119,98
25-Mar-19,Grizzlies,Thunder,3.87,1.28,115,103
25-Mar-19,Jazz,Suns,1.07,10.15,125,92
25-Mar-19,Trail Blazers,Nets,1.39,3.11,148,144
26-Mar-19,Cavaliers,Celtics,3.02,1.42,106,116
26-Mar-19,Hornets,Spurs,2.6,1.54,125,116
26-Mar-19,Raptors,Bulls,1.06,10.62,112,103
26-Mar-19,Heat,Magic,1.62,2.39,99,104
26-Mar-19,Pelicans,Hawks,2.18,1.73,120,130
26-Mar-19,Timberwolves,Clippers,2.27,1.67,111,122
26-Mar-19,Bucks,Rockets,1.64,2.35,108,94
26-Mar-19,Mavericks,Kings,2.13,1.76,121,125
26-Mar-19,Nuggets,Pistons,1.3,3.71,95,92
26-Mar-19,Lakers,Wizards,1.71,2.21,124,106
27-Mar-19,Thunder,Pacers,1.35,3.34,107,99
27-Mar-19,Grizzlies,Warriors,5.01,1.19,103,118
27-Mar-19,Bulls,Trail Blazers,4.5,1.23,98,118
27-Mar-19,Suns,Wizards,1.99,1.87,121,124
27-Mar-19,Jazz,Lakers,1.05,11.89,115,100
28-Mar-19,76ers,Nets,1.32,3.58,123,110
28-Mar-19,Pistons,Magic,1.64,2.33,115,98
28-Mar-19,Knicks,Raptors,5.58,1.16,92,117
28-Mar-19,Heat,Mavericks,1.4,3.07,105,99
28-Mar-19,Pelicans,Kings,3.22,1.38,121,118
28-Mar-19,Bucks,Clippers,1.18,5.28,128,118
28-Mar-19,Rockets,Nuggets,1.41,3.04,112,85
28-Mar-19,Spurs,Cavaliers,1.11,7.13,116,110
29-Mar-19,Celtics,Pacers,1.34,3.42,114,112
29-Mar-19,Hawks,Trail Blazers,2.21,1.7,98,118
29-Mar-19,Thunder,Nuggets,1.52,2.63,105,115
29-Mar-19,Timberwolves,Warriors,5.24,1.18,131,130
29-Mar-19,Jazz,Wizards,1.08,8.55,128,124
29-Mar-19,Lakers,Hornets,2.11,1.77,129,115
30-Mar-19,Clippers,Cavaliers,1.24,4.28,132,108
30-Mar-19,Rockets,Kings,1.18,5.29,119,108
30-Mar-19,Nets,Celtics,1.58,2.5,110,96
30-Mar-19,Pacers,Magic,1.82,2.05,116,121
30-Mar-19,Pistons,Trail Blazers,1.43,2.97,99,90
30-Mar-19,Knicks,Heat,3.49,1.33,92,100
30-Mar-19,Timberwolves,76ers,2.61,1.53,109,118
30-Mar-19,Bulls,Raptors,5.66,1.16,101,124
30-Mar-19,Suns,Grizzlies,2.12,1.77,115,120
31-Mar-19,Hawks,Bucks,2.15,1.75,136,135
31-Mar-19,Thunder,Mavericks,1.1,7.92,103,106
31-Mar-19,Pelicans,Lakers,1.64,2.35,102,130
31-Mar-19,Spurs,Kings,1.17,5.47,106,113
31-Mar-19,Nuggets,Wizards,1.15,5.72,90,95
31-Mar-19,Warriors,Hornets,1.13,6.48,137,90
31-Mar-19,Clippers,Grizzlies,1.19,5,113,96
1-Apr-19,Pacers,Pistons,1.45,2.86,111,102
1-Apr-19,Raptors,Magic,1.36,3.3,121,109
1-Apr-19,Knicks,Bulls,1.61,2.4,113,105
1-Apr-19,Nets,Bucks,1.84,2.02,121,131
1-Apr-19,Celtics,Heat,1.35,3.33,110,105
1-Apr-19,Timberwolves,Trail Blazers,2.35,1.63,122,132
1-Apr-19,Mavericks,76ers,2.69,1.5,122,102
1-Apr-19,Jazz,Hornets,1.14,6.23,111,102
1-Apr-19,Suns,Cavaliers,1.8,2.07,122,113
2-Apr-19,Thunder,Lakers,1.1,7.92,119,103
2-Apr-19,Spurs,Hawks,1.13,6.42,117,111
2-Apr-19,Kings,Rockets,3.07,1.4,105,130
2-Apr-19,Warriors,Nuggets,1.25,4.17,116,102
3-Apr-19,Wizards,Bulls,1.19,5.03,114,115
3-Apr-19,Magic,Knicks,1.08,8.59,114,100
3-Apr-19,Pistons,Pacers,1.71,2.21,89,108
3-Apr-19,Heat,Celtics,1.93,1.93,102,112
3-Apr-19,Nets,Raptors,2.13,1.76,105,115
3-Apr-19,Hawks,76ers,2.6,1.53,130,122
3-Apr-19,Pelicans,Hornets,2.67,1.51,109,115
3-Apr-19,Mavericks,Timberwolves,1.74,2.16,108,110
3-Apr-19,Nuggets,Spurs,1.5,2.71,113,85
3-Apr-19,Trail Blazers,Grizzlies,1.15,5.91,116,89
3-Apr-19,Suns,Jazz,5.75,1.16,97,118
3-Apr-19,Clippers,Rockets,2.21,1.71,103,135
4-Apr-19,76ers,Bucks,2.69,1.5,122,128
4-Apr-19,Kings,Cavaliers,1.2,4.95,117,104
4-Apr-19,Lakers,Warriors,9.13,1.07,90,108
5-Apr-19,Wizards,Spurs,3.25,1.37,112,129
5-Apr-19,Magic,Hawks,1.24,4.34,149,113
5-Apr-19,Hornets,Raptors,3.07,1.4,113,111
5-Apr-19,Thunder,Pistons,1.4,3.04,123,110
5-Apr-19,Timberwolves,Heat,2.51,1.56,111,109
5-Apr-19,Pacers,Celtics,2.01,1.84,97,117
5-Apr-19,Rockets,Knicks,1.02,17.25,120,96
5-Apr-19,Mavericks,Grizzlies,1.56,2.52,112,122
5-Apr-19,Jazz,Kings,1.18,5.14,119,98
5-Apr-19,Suns,Pelicans,2.21,1.7,133,126
5-Apr-19,Clippers,Lakers,1.13,6.48,117,122
5-Apr-19,Warriors,Cavaliers,1.04,12.61,120,114
5-Apr-19,Nuggets,Trail Blazers,1.4,3.07,119,110
6-Apr-19,Bucks,Nets,1.64,2.34,128,133
6-Apr-19,Bulls,76ers,5.22,1.18,96,116
7-Apr-19,Raptors,Heat,1.42,3.03,117,109
7-Apr-19,Cavaliers,Spurs,4.27,1.24,90,112
7-Apr-19,Timberwolves,Thunder,3.24,1.36,126,132
7-Apr-19,Pistons,Hornets,1.36,3.29,91,104
7-Apr-19,Pacers,Nets,1.72,2.19,96,108
7-Apr-19,Grizzlies,Mavericks,1.97,1.87,127,129
7-Apr-19,Bucks,Hawks,1.12,6.8,115,107
7-Apr-19,Rockets,Suns,1.02,18.21,149,113
7-Apr-19,Knicks,Wizards,2.45,1.59,113,110
7-Apr-19,Celtics,Magic,1.57,2.49,108,116
7-Apr-19,Warriors,Clippers,1.13,6.57,131,104
7-Apr-19,Kings,Pelicans,1.12,6.8,129,133
7-Apr-19,Trail Blazers,Nuggets,1.26,4.12,115,108
7-Apr-19,Lakers,Jazz,7.07,1.11,113,109
9-Apr-19,Wizards,Celtics,1.51,2.68,110,116
9-Apr-19,Pistons,Grizzlies,1.1,7.99,100,93
9-Apr-19,Cavaliers,Hornets,4.24,1.25,97,124
9-Apr-19,Heat,76ers,1.39,3.13,122,99
9-Apr-19,Pelicans,Warriors,4.7,1.22,103,112
9-Apr-19,Timberwolves,Raptors,3.8,1.29,100,120
9-Apr-19,Bulls,Knicks,1.79,2.09,86,96
9-Apr-19,Mavericks,Suns,1.26,4.08,120,109
9-Apr-19,Jazz,Nuggets,1.79,2.08,118,108
9-Apr-19,Thunder,Rockets,2.3,1.67,112,111
9-Apr-19,Lakers,Trail Blazers,4.8,1.21,101,104
10-Apr-19,Spurs,Mavericks,1.07,9.45,105,94
10-Apr-19,76ers,Bulls,1.43,2.93,125,109
10-Apr-19,Knicks,Pistons,4.27,1.24,89,115
10-Apr-19,Bucks,Thunder,2.59,1.53,116,127
10-Apr-19,Grizzlies,Warriors,2.84,1.45,132,117
10-Apr-19,Hornets,Magic,1.57,2.51,114,122
10-Apr-19,Nets,Heat,1.5,2.7,113,94
10-Apr-19,Hawks,Pacers,1.45,2.84,134,135
10-Apr-19,Trail Blazers,Kings,1.65,2.31,136,131
10-Apr-19,Clippers,Jazz,1.31,3.6,143,137
10-Apr-19,Nuggets,Timberwolves,1.11,7.32,99,95
